object_id	ref
d1eafe037df0dc08dd67e94889937fa66f56f7ac	HEAD
aeefad01218eb45e167087eb8ae6dab58e5844e1	refs/heads/chore/harvest-v0.2.0-license-gaps
67b996396c68655ddb201121201f16f30df7f2f2	refs/heads/codex/v0.2.0-review-fixes
27a11c1b14af4f40e8d4c900c873282b6f28d545	refs/heads/dependabot/cargo/apps/dashboard/src-tauri/cargo-minor-patch-95845c0827
8a04542829c365ba5748ccfe1aae2f5f330d88d7	refs/heads/dependabot/cargo/cargo-minor-patch-4c619a16ae
58c54c0f4ab633965c991b137003b841811f7d32	refs/heads/dependabot/docker/debian-0463431
e4e1f0510ad140009dca58b5952ecf062132f84a	refs/heads/dependabot/docker/rust-17d1ba8
7d45a36d4ac015b789a4a8c57b3e782ce84299cf	refs/heads/dependabot/github_actions/actions-44342a9980
6cbd36c7c8e996636e708675135f565fafb47424	refs/heads/dependabot/npm_and_yarn/apps/dashboard/npm-minor-patch-01d0267a93
3312950a5d7e9e1a1aef09ddab4e4a7ccf36d574	refs/heads/feat/even-g2-thin-client
f975dfeed1433582ccc0e00e768c247b439e0429	refs/heads/feat/shared-scratch-root
d1eafe037df0dc08dd67e94889937fa66f56f7ac	refs/heads/main
6751acaf27714365fa8849e6b7d316f53f07421d	refs/pull/1/head
e1b1af340205a1812d418357ddf83872c010b56c	refs/pull/10/head
7f2096fe7937a54999eef7d74346e068e9ef5565	refs/pull/11/head
7f5ae9a78d2c270a457939e8bd5f00582b3a21c4	refs/pull/12/head
8286694b3f1f2519dda4bc215e66a5ca465e90d8	refs/pull/13/head
f47d3d4273f6ddddb0998b3bd7d73ee65f025cc0	refs/pull/14/head
f4e14cdb9e36b380294e65855f1fdb5eecd5ec84	refs/pull/15/head
e4ad3e3cdd53e06d3bb4da0907a9972e9653517e	refs/pull/16/head
6bf9b0c15b49eb416808246b1f735deb120d4d13	refs/pull/17/head
7aa2eaea65ca018a80c663a148a8557782827880	refs/pull/18/head
67b996396c68655ddb201121201f16f30df7f2f2	refs/pull/19/head
aaff7cf52dc04c88a20734e43dec3300c64b9353	refs/pull/19/merge
7de8a8afd5085528152c0678c824b358e93a0013	refs/pull/2/head
68f64ead2fb22d7ea1feb669b22a6bfc5a219a41	refs/pull/20/head
278811e0270f61349f7f924b6b0957f8443e0b58	refs/pull/21/head
a45ff01e0640e7c05acf4a4b0025617dd0c59f7d	refs/pull/22/head
d27cbe711a08d52fe3dffa82b87351fcb3b26c0e	refs/pull/23/head
f16538953451bf104594ad8e108806d0cd122312	refs/pull/24/head
58c54c0f4ab633965c991b137003b841811f7d32	refs/pull/25/head
16282fc355513a742a87390b9d92395722eed3a0	refs/pull/25/merge
d8064a5d52e3f00459bbb25a6f070ccd72d9d49a	refs/pull/26/head
65b22f7c71501d23b368d75debf4cbb1b3608993	refs/pull/27/head
f4dd806bece67d40befee38d35255679823ea0a0	refs/pull/28/head
f51816d2ab07c94e4ec38d2aa1ef88774a94f265	refs/pull/29/head
26cfae46c8f5b1a76db3ec9f61a6fd069204fb91	refs/pull/3/head
f975dfeed1433582ccc0e00e768c247b439e0429	refs/pull/30/head
dc552d57b9647420d864bc1de69d78b6a57b9210	refs/pull/30/merge
aeefad01218eb45e167087eb8ae6dab58e5844e1	refs/pull/31/head
c19c81f15b22c99a39ee2aa33dcbe359ec8f8321	refs/pull/31/merge
3312950a5d7e9e1a1aef09ddab4e4a7ccf36d574	refs/pull/32/head
0660ac9224258ffb0d59a645be48289192d0b17a	refs/pull/32/merge
63b3f6a4d1a04e84b1e181e4dc85310098923629	refs/pull/33/head
e4e1f0510ad140009dca58b5952ecf062132f84a	refs/pull/34/head
60df59683cbd15964d1e723d423ac09729fce7e5	refs/pull/34/merge
6cbd36c7c8e996636e708675135f565fafb47424	refs/pull/35/head
56460638f81e18796b986e8f68fd8cf6e9c77039	refs/pull/35/merge
8a04542829c365ba5748ccfe1aae2f5f330d88d7	refs/pull/36/head
82b31e87622e060b405ec974a4eee919ee30967d	refs/pull/36/merge
27a11c1b14af4f40e8d4c900c873282b6f28d545	refs/pull/37/head
614b1d127ff98e4329039e02f07c58afe414b3eb	refs/pull/37/merge
7d45a36d4ac015b789a4a8c57b3e782ce84299cf	refs/pull/38/head
91a5c69979fe86e7936cb826ccf375dbbf766f47	refs/pull/38/merge
c23a2f7556ac2f8879cf5a333601df5cdf5dca72	refs/pull/39/head
11ffd65c783b092d18a4a8a842b63b1d59fb75f4	refs/pull/4/head
c665fe0e0b789182b8527f69ee375ea22f9e18dd	refs/pull/40/head
1dbfe5058654e9a309dbc0fef8e397b336986b65	refs/pull/5/head
4d608e2fa03b36a19cede88b7bfb48886200d42d	refs/pull/6/head
352a890c90da7a9d3cd3e69194cce36af8c5fde3	refs/pull/7/head
0d68dc5541be64060ab725ec12484dd402d9c4bc	refs/pull/8/head
ee994e757036617913630380eb2a96e7ece69e5e	refs/pull/9/head
